"","date","main_activity","count","out.of.house.time","out.of.house.lat","out.of.house.long","In.Time","Last.Out.Time","Was.at.Work","in.time.dmy.hm","out.time.dmy.hm","post.midnight","hours.worked","policy.in.time","policy.in.time.dmy.hm","policy.out.time.dmy.hm","diff.in.time","diff.out.time","travelling.time"
"1",2017-11-23,"ON_FOOT",2,2017-11-23 12:25:37,12.9780633,77.7339416,"12:34 PM","10:16 PM",TRUE,2017-11-23 12:34:00,2017-11-23 22:16:00,FALSE,9.7,"1:00 PM",2017-11-23 13:00:00,2017-11-23 22:00:00,26,16,502.733000040054
"2",2017-11-27,"ON_FOOT",7,2017-11-27 11:44:07,12.9771781,77.7339416,"12:14 PM","10:43 PM",TRUE,2017-11-27 12:14:00,2017-11-27 22:43:00,FALSE,10.4833333333333,"1:00 PM",2017-11-27 13:00:00,2017-11-27 22:00:00,46,43,1792.78900003433
"3",2017-11-29,"ON_FOOT",5,2017-11-29 11:54:57,12.9780439,77.7338567,"12:15 PM","10:08 PM",TRUE,2017-11-29 12:15:00,2017-11-29 22:08:00,FALSE,9.88333333333333,"1:00 PM",2017-11-29 13:00:00,2017-11-29 22:00:00,45,8,1202.75699996948
"4",2017-12-01,"ON_FOOT",6,2017-12-01 12:18:39,12.9779762,77.7342992,"12:41 PM","09:59 PM",TRUE,2017-12-01 12:41:00,2017-12-01 21:59:00,FALSE,9.3,"1:00 PM",2017-12-01 13:00:00,2017-12-01 22:00:00,19,-1,1340.26900005341
"5",2017-12-04,"ON_FOOT",6,2017-12-04 11:58:13,12.9780839,77.7336746,"12:18 PM","10:11 PM",TRUE,2017-12-04 12:18:00,2017-12-04 22:11:00,FALSE,9.88333333333333,"1:00 PM",2017-12-04 13:00:00,2017-12-04 22:00:00,42,11,1186.14599990845
"6",2017-12-05,"ON_FOOT",7,2017-12-05 12:12:52,12.978041,77.7339483,"12:35 PM","09:48 PM",TRUE,2017-12-05 12:35:00,2017-12-05 21:48:00,FALSE,9.21666666666667,"1:00 PM",2017-12-05 13:00:00,2017-12-05 22:00:00,25,-12,1327.55399990082
"7",2017-12-06,"ON_FOOT",3,2017-12-06 12:28:26,12.9779743,77.733636,"12:41 PM","10:03 PM",TRUE,2017-12-06 12:41:00,2017-12-06 22:03:00,FALSE,9.36666666666667,"1:00 PM",2017-12-06 13:00:00,2017-12-06 22:00:00,19,3,753.424999952316
"8",2017-12-07,"ON_FOOT",6,2017-12-07 12:02:58,12.9771687,77.7337262,"12:23 PM","09:50 PM",TRUE,2017-12-07 12:23:00,2017-12-07 21:50:00,FALSE,9.45,"1:00 PM",2017-12-07 13:00:00,2017-12-07 22:00:00,37,-10,1201.93099999428
"9",2017-12-08,"ON_FOOT",6,2017-12-08 12:07:15,12.9771687,77.7338433,"12:31 PM","09:54 PM",TRUE,2017-12-08 12:31:00,2017-12-08 21:54:00,FALSE,9.38333333333333,"1:00 PM",2017-12-08 13:00:00,2017-12-08 22:00:00,29,-6,1424.50999999046
"10",2017-12-11,"ON_FOOT",3,2017-12-11 12:56:13,12.9779876,77.7337845,"01:10 PM","10:01 PM",TRUE,2017-12-11 13:10:00,2017-12-11 22:01:00,FALSE,8.85,"1:00 PM",2017-12-11 13:00:00,2017-12-11 22:00:00,-10,1,826.303999900818
"11",2017-12-12,"ON_FOOT",6,2017-12-12 12:38:22,12.9771687,77.7337312,"01:02 PM","09:59 PM",TRUE,2017-12-12 13:02:00,2017-12-12 21:59:00,FALSE,8.95,"1:00 PM",2017-12-12 13:00:00,2017-12-12 22:00:00,-2,-1,1417.59899997711
"12",2017-12-13,"ON_FOOT",6,2017-12-13 12:06:06,12.977823,77.7338791,"12:27 PM","10:05 PM",TRUE,2017-12-13 12:27:00,2017-12-13 22:05:00,FALSE,9.63333333333333,"1:00 PM",2017-12-13 13:00:00,2017-12-13 22:00:00,33,5,1253.79099988937
"13",2017-12-14,"ON_FOOT",6,2017-12-14 12:03:39,12.9771787,77.7335542,"12:27 PM","09:51 PM",TRUE,2017-12-14 12:27:00,2017-12-14 21:51:00,FALSE,9.4,"1:00 PM",2017-12-14 13:00:00,2017-12-14 22:00:00,33,-9,1400.99499988556
"14",2017-12-15,"ON_FOOT",6,2017-12-15 12:40:35,12.9771871,77.7335541,"01:00 PM","10:16 PM",TRUE,2017-12-15 13:00:00,2017-12-15 22:16:00,FALSE,9.26666666666667,"1:00 PM",2017-12-15 13:00:00,2017-12-15 22:00:00,0,16,1164.94000005722
"15",2017-12-18,"ON_FOOT",6,2017-12-18 12:09:57,12.9780177,77.73381,"12:29 PM","10:29 PM",TRUE,2017-12-18 12:29:00,2017-12-18 22:29:00,FALSE,10,"1:15 PM",2017-12-18 13:15:00,2017-12-18 22:15:00,46,14,1142.44099998474
"16",2017-12-19,"ON_FOOT",6,2017-12-19 11:59:11,12.9778896,77.7337016,"12:22 PM","10:28 PM",TRUE,2017-12-19 12:22:00,2017-12-19 22:28:00,FALSE,10.1,"1:15 PM",2017-12-19 13:15:00,2017-12-19 22:15:00,53,13,1368.56500005722
"17",2017-12-20,"ON_FOOT",6,2017-12-20 12:26:10,12.9780326,77.7337773,"12:46 PM","10:19 PM",TRUE,2017-12-20 12:46:00,2017-12-20 22:19:00,FALSE,9.55,"1:15 PM",2017-12-20 13:15:00,2017-12-20 22:15:00,29,4,1189.257999897
"18",2017-12-21,"ON_FOOT",7,2017-12-21 12:24:46,12.9770704,77.7332262,"12:51 PM","10:04 PM",TRUE,2017-12-21 12:51:00,2017-12-21 22:04:00,FALSE,9.21666666666667,"1:15 PM",2017-12-21 13:15:00,2017-12-21 22:15:00,24,-11,1573.92100000381
"19",2017-12-22,"ON_FOOT",6,2017-12-22 11:50:02,12.9768443,77.7339416,"12:09 PM","10:19 PM",TRUE,2017-12-22 12:09:00,2017-12-22 22:19:00,FALSE,10.1666666666667,"1:15 PM",2017-12-22 13:15:00,2017-12-22 22:15:00,66,4,1137.90300011635
"20",2017-12-26,"ON_FOOT",3,2017-12-26 12:35:33,12.9780474,77.7340237,"12:50 PM","10:14 PM",TRUE,2017-12-26 12:50:00,2017-12-26 22:14:00,FALSE,9.4,"1:15 PM",2017-12-26 13:15:00,2017-12-26 22:15:00,25,-1,866.163000106812
"21",2017-12-27,"ON_FOOT",1,2017-12-27 12:42:33,12.9779213,77.7340237,"12:50 PM","10:18 PM",TRUE,2017-12-27 12:50:00,2017-12-27 22:18:00,FALSE,9.46666666666667,"1:15 PM",2017-12-27 13:15:00,2017-12-27 22:15:00,25,3,446.451999902725
"22",2017-12-28,"ON_FOOT",4,2017-12-28 12:38:42,12.978075,77.7340237,"12:54 PM","10:33 PM",TRUE,2017-12-28 12:54:00,2017-12-28 22:33:00,FALSE,9.65,"1:15 PM",2017-12-28 13:15:00,2017-12-28 22:15:00,21,18,917.226999998093
"23",2017-12-29,"ON_FOOT",5,2017-12-29 12:19:30,12.9781107,77.7340237,"12:41 PM","06:57 PM",TRUE,2017-12-29 12:41:00,2017-12-29 18:57:00,FALSE,6.26666666666667,"1:15 PM",2017-12-29 13:15:00,2017-12-29 22:15:00,34,-198,1289.22300004959
"24",2018-01-02,"ON_FOOT",9,2018-01-02 12:34:43,12.9780327,77.7340167,"01:06 PM","10:30 PM",TRUE,2018-01-02 13:06:00,2018-01-02 22:30:00,FALSE,9.4,"1:15 PM",2018-01-02 13:15:00,2018-01-02 22:15:00,9,15,1876.5490000248
"25",2018-01-03,"ON_FOOT",6,2018-01-03 12:44:22,12.9780427,77.7340167,"01:04 PM","10:11 PM",TRUE,2018-01-03 13:04:00,2018-01-03 22:11:00,FALSE,9.11666666666667,"1:15 PM",2018-01-03 13:15:00,2018-01-03 22:15:00,11,-4,1177.15799999237
"26",2018-01-04,"ON_FOOT",7,2018-01-04 12:27:50,12.978052,77.7338777,"01:09 PM","10:14 PM",TRUE,2018-01-04 13:09:00,2018-01-04 22:14:00,FALSE,9.08333333333333,"1:15 PM",2018-01-04 13:15:00,2018-01-04 22:15:00,6,-1,2469.58800005913
"27",2018-01-05,"ON_FOOT",8,2018-01-05 12:46:04,12.9770222,77.733958,"01:23 PM","10:08 PM",TRUE,2018-01-05 13:23:00,2018-01-05 22:08:00,FALSE,8.75,"1:15 PM",2018-01-05 13:15:00,2018-01-05 22:15:00,-8,-7,2215.48600006104
"28",2018-01-08,"ON_FOOT",8,2018-01-08 12:28:41,12.9780676,77.733958,"12:53 PM","10:04 PM",TRUE,2018-01-08 12:53:00,2018-01-08 22:04:00,FALSE,9.18333333333333,"1:15 PM",2018-01-08 13:15:00,2018-01-08 22:15:00,22,-11,1458.60400009155
"29",2018-01-09,"ON_FOOT",8,2018-01-09 12:01:52,12.9781097,77.7337865,"12:25 PM","10:01 PM",TRUE,2018-01-09 12:25:00,2018-01-09 22:01:00,FALSE,9.6,"1:15 PM",2018-01-09 13:15:00,2018-01-09 22:15:00,50,-14,1387.02099990845
"30",2018-01-10,"ON_FOOT",2,2018-01-10 12:47:51,12.9780385,77.7339427,"12:53 PM","10:23 PM",TRUE,2018-01-10 12:53:00,2018-01-10 22:23:00,FALSE,9.5,"1:15 PM",2018-01-10 13:15:00,2018-01-10 22:15:00,22,8,308.578000068665
"31",2018-01-12,"ON_FOOT",6,2018-01-12 12:12:22,12.9776654,77.7336318,"12:37 PM","02:42 PM",TRUE,2018-01-12 12:37:00,2018-01-12 14:42:00,FALSE,2.08333333333333,"1:15 PM",2018-01-12 13:15:00,2018-01-12 22:15:00,38,-453,1477.8220000267
"32",2018-01-15,"ON_FOOT",7,2018-01-15 12:37:43,12.9780822,77.7342487,"12:58 PM","10:15 PM",TRUE,2018-01-15 12:58:00,2018-01-15 22:15:00,FALSE,9.28333333333333,"1:15 PM",2018-01-15 13:15:00,2018-01-15 22:15:00,17,0,1216.49399995804
"33",2018-01-16,"IN_VEHICLE",2,2018-01-16 12:42:14,12.9780833,77.7339427,"12:53 PM","10:26 PM",TRUE,2018-01-16 12:53:00,2018-01-16 22:26:00,FALSE,9.55,"1:15 PM",2018-01-16 13:15:00,2018-01-16 22:15:00,22,11,645.336999893188
"34",2018-01-17,"ON_FOOT",6,2018-01-17 12:45:13,12.9781131,77.7339068,"01:05 PM","10:34 PM",TRUE,2018-01-17 13:05:00,2018-01-17 22:34:00,FALSE,9.48333333333333,"1:15 PM",2018-01-17 13:15:00,2018-01-17 22:15:00,10,19,1186.21700000763
"35",2018-01-18,"ON_FOOT",4,2018-01-18 12:18:50,12.9780721,77.7339427,"12:36 PM","10:14 PM",TRUE,2018-01-18 12:36:00,2018-01-18 22:14:00,FALSE,9.63333333333333,"1:15 PM",2018-01-18 13:15:00,2018-01-18 22:15:00,39,-1,1029.6210000515
"36",2018-01-19,"ON_FOOT",6,2018-01-19 12:08:54,12.977023,77.7339427,"12:29 PM","10:09 PM",TRUE,2018-01-19 12:29:00,2018-01-19 22:09:00,FALSE,9.66666666666667,"1:15 PM",2018-01-19 13:15:00,2018-01-19 22:15:00,46,-6,1205.84899997711
"37",2018-01-22,"ON_FOOT",7,2018-01-22 12:07:25,12.9773802,77.7346569,"12:47 PM","10:09 PM",TRUE,2018-01-22 12:47:00,2018-01-22 22:09:00,FALSE,9.36666666666667,"1:15 PM",2018-01-22 13:15:00,2018-01-22 22:15:00,28,-6,2374.2460000515
"38",2018-01-25,"IN_VEHICLE",4,2018-01-25 12:38:45,12.9778497,77.7337624,"12:48 PM","10:03 PM",TRUE,2018-01-25 12:48:00,2018-01-25 22:03:00,FALSE,9.25,"1:15 PM",2018-01-25 13:15:00,2018-01-25 22:15:00,27,-12,554.68799996376
"39",2018-01-29,"ON_FOOT",1,2018-01-29 12:24:13,12.9781232,77.7339416,"12:31 PM","10:32 PM",TRUE,2018-01-29 12:31:00,2018-01-29 22:32:00,FALSE,10.0166666666667,"1:15 PM",2018-01-29 13:15:00,2018-01-29 22:15:00,44,17,406.382999897003
"40",2018-01-30,"ON_FOOT",7,2018-01-30 12:34:22,12.9774148,77.7335425,"12:59 PM","10:02 PM",TRUE,2018-01-30 12:59:00,2018-01-30 22:02:00,FALSE,9.05,"1:15 PM",2018-01-30 13:15:00,2018-01-30 22:15:00,16,-13,1477.07399988174
"41",2018-01-31,"ON_FOOT",3,2018-01-31 12:56:59,12.9780671,77.73386,"01:10 PM","10:47 PM",TRUE,2018-01-31 13:10:00,2018-01-31 22:47:00,FALSE,9.61666666666667,"1:15 PM",2018-01-31 13:15:00,2018-01-31 22:15:00,5,32,780.963000059128
"42",2018-02-01,"ON_FOOT",8,2018-02-01 12:27:58,12.9773788,77.7335201,"12:53 PM","07:36 PM",TRUE,2018-02-01 12:53:00,2018-02-01 19:36:00,FALSE,6.71666666666667,"1:15 PM",2018-02-01 13:15:00,2018-02-01 22:15:00,22,-159,1501.25900006294
"43",2018-02-05,"ON_FOOT",8,2018-02-05 12:24:09,12.9780815,77.7337051,"12:48 PM","10:03 PM",TRUE,2018-02-05 12:48:00,2018-02-05 22:03:00,FALSE,9.25,"1:15 PM",2018-02-05 13:15:00,2018-02-05 22:15:00,27,-12,1430.16199994087
"44",2018-02-06,"ON_FOOT",1,2018-02-06 13:07:30,12.9775685,77.7337277,"01:17 PM","10:25 PM",TRUE,2018-02-06 13:17:00,2018-02-06 22:25:00,FALSE,9.13333333333333,"1:15 PM",2018-02-06 13:15:00,2018-02-06 22:15:00,-2,10,569.020999908447
"45",2018-02-07,"ON_FOOT",8,2018-02-07 12:15:33,12.9780327,77.7337138,"12:34 PM","10:20 PM",TRUE,2018-02-07 12:34:00,2018-02-07 22:20:00,FALSE,9.76666666666667,"1:15 PM",2018-02-07 13:15:00,2018-02-07 22:15:00,41,5,1107
"46",2018-02-08,"ON_FOOT",6,2018-02-08 11:57:10,12.9771512,77.733378,"12:14 PM","10:30 PM",TRUE,2018-02-08 12:14:00,2018-02-08 22:30:00,FALSE,10.2666666666667,"1:15 PM",2018-02-08 13:15:00,2018-02-08 22:15:00,61,15,1009.375
"47",2018-02-09,"ON_FOOT",8,2018-02-09 12:23:05,12.9771508,77.7334117,"12:48 PM","10:02 PM",TRUE,2018-02-09 12:48:00,2018-02-09 22:02:00,FALSE,9.23333333333333,"1:15 PM",2018-02-09 13:15:00,2018-02-09 22:15:00,27,-13,1494.39400005341
"48",2018-02-12,"ON_FOOT",3,2018-02-12 11:49:04,12.9774067,77.7337304,"12:05 PM","10:13 PM",TRUE,2018-02-12 12:05:00,2018-02-12 22:13:00,FALSE,10.1333333333333,"1:15 PM",2018-02-12 13:15:00,2018-02-12 22:15:00,70,-2,955.444999933243
"49",2018-02-13,"ON_FOOT",2,2018-02-13 12:09:33,12.9771118,77.7334156,"12:24 PM","10:06 PM",TRUE,2018-02-13 12:24:00,2018-02-13 22:06:00,FALSE,9.7,"1:15 PM",2018-02-13 13:15:00,2018-02-13 22:15:00,51,-9,866.21799993515
"50",2018-02-14,"ON_FOOT",2,2018-02-14 12:26:05,12.9771516,77.733442,"12:37 PM","10:33 PM",TRUE,2018-02-14 12:37:00,2018-02-14 22:33:00,FALSE,9.93333333333333,"1:15 PM",2018-02-14 13:15:00,2018-02-14 22:15:00,38,18,654.828000068665
"51",2018-02-15,"ON_FOOT",1,2018-02-15 12:26:54,12.9771512,77.7337197,"12:38 PM","10:09 PM",TRUE,2018-02-15 12:38:00,2018-02-15 22:09:00,FALSE,9.51666666666667,"1:15 PM",2018-02-15 13:15:00,2018-02-15 22:15:00,37,-6,665.414000034332
"52",2018-02-16,"ON_FOOT",7,2018-02-16 12:21:59,12.9771512,77.7337854,"12:45 PM","10:00 PM",TRUE,2018-02-16 12:45:00,2018-02-16 22:00:00,FALSE,9.25,"1:15 PM",2018-02-16 13:15:00,2018-02-16 22:15:00,30,-15,1380.80100011826
"53",2018-02-19,"ON_FOOT",5,2018-02-19 12:33:26,12.9771512,77.7334952,"12:52 PM","10:17 PM",TRUE,2018-02-19 12:52:00,2018-02-19 22:17:00,FALSE,9.41666666666667,"1:15 PM",2018-02-19 13:15:00,2018-02-19 22:15:00,23,2,1113.89599990845
"54",2018-02-20,"IN_VEHICLE",4,2018-02-20 12:40:39,12.9780983,77.7338565,"12:56 PM","10:06 PM",TRUE,2018-02-20 12:56:00,2018-02-20 22:06:00,FALSE,9.16666666666667,"1:15 PM",2018-02-20 13:15:00,2018-02-20 22:15:00,19,-9,920.292999982834
"55",2018-02-21,"ON_FOOT",4,2018-02-21 12:37:07,12.9780684,77.7338653,"12:56 PM","10:27 PM",TRUE,2018-02-21 12:56:00,2018-02-21 22:27:00,FALSE,9.51666666666667,"1:15 PM",2018-02-21 13:15:00,2018-02-21 22:15:00,19,12,1132.50500011444
"56",2018-02-23,"ON_FOOT",6,2018-02-23 12:36:05,12.9780022,77.7337981,"12:56 PM","10:06 PM",TRUE,2018-02-23 12:56:00,2018-02-23 22:06:00,FALSE,9.16666666666667,"1:15 PM",2018-02-23 13:15:00,2018-02-23 22:15:00,19,-9,1194.46300005913
"57",2018-02-27,"ON_FOOT",8,2018-02-27 12:35:52,12.9777499,77.7337495,"01:01 PM","10:25 PM",TRUE,2018-02-27 13:01:00,2018-02-27 22:25:00,FALSE,9.4,"1:15 PM",2018-02-27 13:15:00,2018-02-27 22:15:00,14,10,1507.44000005722
"58",2018-02-28,"ON_FOOT",7,2018-02-28 12:41:37,12.9780797,77.7338436,"01:02 PM","10:40 PM",TRUE,2018-02-28 13:02:00,2018-02-28 22:40:00,FALSE,9.63333333333333,"1:15 PM",2018-02-28 13:15:00,2018-02-28 22:15:00,13,25,1222.11100006104
"59",2018-03-01,"ON_FOOT",4,2018-03-01 12:32:04,12.9780816,77.7338546,"12:49 PM","10:09 PM",TRUE,2018-03-01 12:49:00,2018-03-01 22:09:00,FALSE,9.33333333333333,"1:15 PM",2018-03-01 13:15:00,2018-03-01 22:15:00,26,-6,1015.64700007439
"60",2018-03-02,"ON_FOOT",8,2018-03-02 12:41:52,12.9780677,77.7346569,"01:08 PM","10:07 PM",TRUE,2018-03-02 13:08:00,2018-03-02 22:07:00,FALSE,8.98333333333333,"1:15 PM",2018-03-02 13:15:00,2018-03-02 22:15:00,7,-8,1567.02099990845
"61",2018-03-05,"IN_VEHICLE",2,2018-03-05 12:33:53,12.9770268,77.7332703,"12:46 PM","10:14 PM",TRUE,2018-03-05 12:46:00,2018-03-05 22:14:00,FALSE,9.46666666666667,"1:15 PM",2018-03-05 13:15:00,2018-03-05 22:15:00,29,-1,726.427000045776
"62",2018-03-06,"IN_VEHICLE",7,2018-03-06 12:44:11,12.9770302,77.7335839,"01:04 PM","10:20 PM",TRUE,2018-03-06 13:04:00,2018-03-06 22:20:00,FALSE,9.26666666666667,"1:15 PM",2018-03-06 13:15:00,2018-03-06 22:15:00,11,5,1188.08999991417
"63",2018-03-07,"ON_FOOT",6,2018-03-07 12:40:17,12.9780485,77.733756,"12:58 PM","05:34 PM",TRUE,2018-03-07 12:58:00,2018-03-07 17:34:00,FALSE,4.6,"1:15 PM",2018-03-07 13:15:00,2018-03-07 22:15:00,17,-281,1062.66599988937
"64",2018-03-08,"ON_FOOT",5,2018-03-08 12:26:52,12.9769875,77.7335839,"12:42 PM","10:11 PM",TRUE,2018-03-08 12:42:00,2018-03-08 22:11:00,FALSE,9.48333333333333,"1:15 PM",2018-03-08 13:15:00,2018-03-08 22:15:00,33,-4,907.806999921799
"65",2018-03-09,"IN_VEHICLE",7,2018-03-09 12:56:26,12.9779761,77.7339446,"01:06 PM","10:08 PM",TRUE,2018-03-09 13:06:00,2018-03-09 22:08:00,FALSE,9.03333333333333,"1:15 PM",2018-03-09 13:15:00,2018-03-09 22:15:00,9,-7,573.668999910355
"66",2018-03-12,"ON_FOOT",3,2018-03-12 12:42:52,12.9780663,77.7338569,"12:59 PM","10:16 PM",TRUE,2018-03-12 12:59:00,2018-03-12 22:16:00,FALSE,9.28333333333333,"1:15 PM",2018-03-12 13:15:00,2018-03-12 22:15:00,16,1,967.381999969482
"67",2018-03-13,"ON_FOOT",12,2018-03-13 12:42:53,12.9780913,77.7338863,"01:04 PM","10:20 PM",TRUE,2018-03-13 13:04:00,2018-03-13 22:20:00,FALSE,9.26666666666667,"1:15 PM",2018-03-13 13:15:00,2018-03-13 22:15:00,11,5,1266.81100010872
"68",2018-03-14,"ON_FOOT",4,2018-03-14 12:44:05,12.9780744,77.7338121,"12:58 PM","10:16 PM",TRUE,2018-03-14 12:58:00,2018-03-14 22:16:00,FALSE,9.3,"1:15 PM",2018-03-14 13:15:00,2018-03-14 22:15:00,17,1,834.585999965668
"69",2018-03-15,"IN_VEHICLE",5,2018-03-15 12:29:57,12.9770275,77.7331645,"12:44 PM","10:18 PM",TRUE,2018-03-15 12:44:00,2018-03-15 22:18:00,FALSE,9.56666666666667,"1:15 PM",2018-03-15 13:15:00,2018-03-15 22:15:00,31,3,842.568000078201
"70",2018-03-16,"ON_FOOT",3,2018-03-16 12:42:29,12.9770275,77.7333712,"12:58 PM","10:05 PM",TRUE,2018-03-16 12:58:00,2018-03-16 22:05:00,FALSE,9.11666666666667,"1:15 PM",2018-03-16 13:15:00,2018-03-16 22:15:00,17,-10,930.125999927521
"71",2018-03-19,"IN_VEHICLE",5,2018-03-19 12:41:48,12.9780866,77.7338848,"12:55 PM","10:08 PM",TRUE,2018-03-19 12:55:00,2018-03-19 22:08:00,FALSE,9.21666666666667,"1:15 PM",2018-03-19 13:15:00,2018-03-19 22:15:00,20,-7,791.59299993515
"72",2018-03-20,"ON_FOOT",7,2018-03-20 12:15:31,12.9773973,77.733541,"12:38 PM","02:07 AM",TRUE,2018-03-20 12:38:00,2018-03-21 02:07:00,TRUE,13.4833333333333,"1:15 PM",2018-03-20 13:15:00,2018-03-20 22:15:00,37,232,1348.20199990273
"73",2018-03-21,"IN_VEHICLE",4,2018-03-21 12:36:34,12.9770306,77.7335476,"12:50 PM","10:19 PM",TRUE,2018-03-21 12:50:00,2018-03-21 22:19:00,FALSE,9.48333333333333,"1:15 PM",2018-03-21 13:15:00,2018-03-21 22:15:00,25,4,805.240000009537
"74",2018-03-22,"ON_FOOT",3,2018-03-22 12:39:03,12.9770466,77.7334033,"12:57 PM","02:01 AM",TRUE,2018-03-22 12:57:00,2018-03-23 02:01:00,TRUE,13.0666666666667,"1:15 PM",2018-03-22 13:15:00,2018-03-22 22:15:00,18,226,1076.45799994469
"75",2018-03-26,"ON_FOOT",3,2018-03-26 12:22:24,12.9769932,77.7335839,"12:33 PM","01:52 AM",TRUE,2018-03-26 12:33:00,2018-03-27 01:52:00,TRUE,13.3166666666667,"1:15 PM",2018-03-26 13:15:00,2018-03-26 22:15:00,42,217,635.881000041962
"76",2018-03-27,"IN_VEHICLE",4,2018-03-27 11:36:20,12.9773171,77.7335171,"11:48 AM","10:08 PM",TRUE,2018-03-27 11:48:00,2018-03-27 22:08:00,FALSE,10.3333333333333,"1:15 PM",2018-03-27 13:15:00,2018-03-27 22:15:00,87,-7,699.072999954224
"77",2018-03-29,"ON_FOOT",5,2018-03-29 12:49:14,12.9773842,77.7335303,"01:02 PM","10:25 PM",TRUE,2018-03-29 13:02:00,2018-03-29 22:25:00,FALSE,9.38333333333333,"1:15 PM",2018-03-29 13:15:00,2018-03-29 22:15:00,13,10,765.270999908447
"78",2018-03-30,"IN_VEHICLE",4,2018-03-30 12:25:45,12.9769972,77.7334134,"12:40 PM","10:03 PM",TRUE,2018-03-30 12:40:00,2018-03-30 22:03:00,FALSE,9.38333333333333,"1:15 PM",2018-03-30 13:15:00,2018-03-30 22:15:00,35,-12,854.006000041962
"79",2018-04-02,"IN_VEHICLE",4,2018-04-02 12:52:21,12.9769932,77.733258,"01:07 PM","11:54 PM",TRUE,2018-04-02 13:07:00,2018-04-02 23:54:00,FALSE,10.7833333333333,"1:15 PM",2018-04-02 13:15:00,2018-04-02 22:15:00,8,99,878.084000110626
"80",2018-04-03,"ON_FOOT",5,2018-04-03 12:38:57,12.978058,77.7338109,"12:51 PM","10:12 PM",TRUE,2018-04-03 12:51:00,2018-04-03 22:12:00,FALSE,9.35,"1:15 PM",2018-04-03 13:15:00,2018-04-03 22:15:00,24,-3,722.082000017166
"81",2018-04-04,"IN_VEHICLE",4,2018-04-04 12:34:25,12.9777752,77.7335152,"12:53 PM","10:09 PM",TRUE,2018-04-04 12:53:00,2018-04-04 22:09:00,FALSE,9.26666666666667,"1:15 PM",2018-04-04 13:15:00,2018-04-04 22:15:00,22,-6,1115
"82",2018-04-05,"ON_FOOT",3,2018-04-05 12:42:10,12.9770088,77.7336019,"01:00 PM","10:15 PM",TRUE,2018-04-05 13:00:00,2018-04-05 22:15:00,FALSE,9.25,"1:15 PM",2018-04-05 13:15:00,2018-04-05 22:15:00,15,0,1069.86899995804
"83",2018-04-06,"IN_VEHICLE",4,2018-04-06 12:28:05,12.9770089,77.7332069,"12:41 PM","10:08 PM",TRUE,2018-04-06 12:41:00,2018-04-06 22:08:00,FALSE,9.45,"1:15 PM",2018-04-06 13:15:00,2018-04-06 22:15:00,34,-7,774.641999959946
"84",2018-04-09,"ON_BICYCLE",3,2018-04-09 12:38:45,12.9780399,77.7336807,"12:54 PM","10:41 PM",TRUE,2018-04-09 12:54:00,2018-04-09 22:41:00,FALSE,9.78333333333333,"1:15 PM",2018-04-09 13:15:00,2018-04-09 22:15:00,21,26,914.299999952316
"85",2018-04-10,"ON_BICYCLE",3,2018-04-10 12:44:47,12.9781028,77.7334141,"12:57 PM","10:30 PM",TRUE,2018-04-10 12:57:00,2018-04-10 22:30:00,FALSE,9.55,"1:15 PM",2018-04-10 13:15:00,2018-04-10 22:15:00,18,15,732.736999988556
"86",2018-04-11,"ON_BICYCLE",5,2018-04-11 12:24:03,12.9770065,77.7335839,"12:40 PM","10:02 PM",TRUE,2018-04-11 12:40:00,2018-04-11 22:02:00,FALSE,9.36666666666667,"1:15 PM",2018-04-11 13:15:00,2018-04-11 22:15:00,35,-13,956.319999933243
"87",2018-04-12,"ON_FOOT",4,2018-04-12 12:38:32,12.9780741,77.7338657,"01:02 PM","10:33 PM",TRUE,2018-04-12 13:02:00,2018-04-12 22:33:00,FALSE,9.51666666666667,"1:15 PM",2018-04-12 13:15:00,2018-04-12 22:15:00,13,18,1408
"88",2018-04-13,"ON_BICYCLE",3,2018-04-13 12:36:41,12.9770948,77.7336667,"12:52 PM","10:11 PM",TRUE,2018-04-13 12:52:00,2018-04-13 22:11:00,FALSE,9.31666666666667,"1:15 PM",2018-04-13 13:15:00,2018-04-13 22:15:00,23,-4,918.323999881744
"89",2018-04-16,"ON_BICYCLE",3,2018-04-16 12:30:01,12.9770174,77.7331913,"12:46 PM","10:39 PM",TRUE,2018-04-16 12:46:00,2018-04-16 22:39:00,FALSE,9.88333333333333,"1:15 PM",2018-04-16 13:15:00,2018-04-16 22:15:00,29,24,958.950999975204
"90",2018-04-17,"ON_FOOT",3,2018-04-17 12:48:25,12.9770111,77.7336688,"01:03 PM","10:30 PM",TRUE,2018-04-17 13:03:00,2018-04-17 22:30:00,FALSE,9.45,"1:15 PM",2018-04-17 13:15:00,2018-04-17 22:15:00,12,15,874.303999900818
"91",2018-04-18,"ON_FOOT",4,2018-04-18 12:53:24,12.9770107,77.7332941,"01:18 PM","10:20 PM",TRUE,2018-04-18 13:18:00,2018-04-18 22:20:00,FALSE,9.03333333333333,"1:15 PM",2018-04-18 13:15:00,2018-04-18 22:15:00,-3,5,1475.57399988174
"92",2018-04-19,"ON_BICYCLE",10,2018-04-19 12:55:35,12.9780582,77.7337363,"01:10 PM","10:33 PM",TRUE,2018-04-19 13:10:00,2018-04-19 22:33:00,FALSE,9.38333333333333,"1:15 PM",2018-04-19 13:15:00,2018-04-19 22:15:00,5,18,865
"93",2018-04-20,"ON_FOOT",10,2018-04-20 12:37:27,12.9780913,77.733776,"12:56 PM","10:18 PM",TRUE,2018-04-20 12:56:00,2018-04-20 22:18:00,FALSE,9.36666666666667,"1:15 PM",2018-04-20 13:15:00,2018-04-20 22:15:00,19,3,1113
"94",2018-04-23,"ON_BICYCLE",4,2018-04-23 12:46:17,12.977019,77.7331493,"01:03 PM","10:09 PM",TRUE,2018-04-23 13:03:00,2018-04-23 22:09:00,FALSE,9.1,"1:15 PM",2018-04-23 13:15:00,2018-04-23 22:15:00,12,-6,1002.40199995041
"95",2018-04-24,"ON_BICYCLE",2,2018-04-24 12:39:15,12.9769827,77.7331587,"12:51 PM","10:50 PM",TRUE,2018-04-24 12:51:00,2018-04-24 22:50:00,FALSE,9.98333333333333,"1:15 PM",2018-04-24 13:15:00,2018-04-24 22:15:00,24,35,704.778000116348
"96",2018-04-25,"ON_FOOT",3,2018-04-25 12:41:04,12.9771122,77.7331595,"12:58 PM","11:19 PM",TRUE,2018-04-25 12:58:00,2018-04-25 23:19:00,FALSE,10.35,"1:15 PM",2018-04-25 13:15:00,2018-04-25 22:15:00,17,64,1015.01699995995
"97",2018-04-26,"ON_FOOT",3,2018-04-26 12:51:58,12.9780669,77.7331595,"01:04 PM","10:18 PM",TRUE,2018-04-26 13:04:00,2018-04-26 22:18:00,FALSE,9.23333333333333,"1:15 PM",2018-04-26 13:15:00,2018-04-26 22:15:00,11,3,721.404000043869
"98",2018-04-27,"ON_FOOT",6,2018-04-27 12:33:28,12.977364,77.7335464,"12:55 PM","10:33 PM",TRUE,2018-04-27 12:55:00,2018-04-27 22:33:00,FALSE,9.63333333333333,"1:15 PM",2018-04-27 13:15:00,2018-04-27 22:15:00,20,18,1291.49499988556
"99",2018-04-30,"ON_BICYCLE",4,2018-04-30 12:28:00,12.9769795,77.7336875,"12:40 PM","11:17 PM",TRUE,2018-04-30 12:40:00,2018-04-30 23:17:00,FALSE,10.6166666666667,"1:15 PM",2018-04-30 13:15:00,2018-04-30 22:15:00,35,62,719.733999967575
"100",2018-05-02,"ON_BICYCLE",6,2018-05-02 12:37:26,12.9769769,77.733582,"12:52 PM","01:55 AM",TRUE,2018-05-02 12:52:00,2018-05-03 01:55:00,TRUE,13.05,"1:30 PM",2018-05-02 13:30:00,2018-05-02 22:30:00,38,205,873.911999940872
"101",2018-05-03,"ON_FOOT",4,2018-05-03 13:10:22,12.9781218,77.7338713,"01:43 PM","10:43 PM",TRUE,2018-05-03 13:43:00,2018-05-03 22:43:00,FALSE,9,"1:30 PM",2018-05-03 13:30:00,2018-05-03 22:30:00,-13,13,1957.78299999237
"102",2018-05-04,"IN_VEHICLE",6,2018-05-04 12:50:46,12.9769753,77.733157,"01:06 PM","10:16 PM",TRUE,2018-05-04 13:06:00,2018-05-04 22:16:00,FALSE,9.16666666666667,"1:30 PM",2018-05-04 13:30:00,2018-05-04 22:30:00,24,-14,913.677000045776
"103",2018-05-09,"ON_FOOT",4,2018-05-09 12:57:30,12.9770045,77.7336744,"01:10 PM","10:53 PM",TRUE,2018-05-09 13:10:00,2018-05-09 22:53:00,FALSE,9.71666666666667,"1:30 PM",2018-05-09 13:30:00,2018-05-09 22:30:00,20,23,749.121000051498
"104",2018-05-10,"ON_FOOT",2,2018-05-10 12:56:33,12.9770332,77.7336744,"01:04 PM","10:19 PM",TRUE,2018-05-10 13:04:00,2018-05-10 22:19:00,FALSE,9.25,"1:30 PM",2018-05-10 13:30:00,2018-05-10 22:30:00,26,-11,446.631000041962
"105",2018-05-11,"ON_FOOT",3,2018-05-11 12:44:38,12.97701,77.7331571,"01:02 PM","06:47 PM",TRUE,2018-05-11 13:02:00,2018-05-11 18:47:00,FALSE,5.75,"1:30 PM",2018-05-11 13:30:00,2018-05-11 22:30:00,28,-223,1041.10199999809
"106",2018-05-15,"ON_BICYCLE",3,2018-05-15 12:42:55,12.9768726,77.733162,"01:00 PM","10:20 PM",TRUE,2018-05-15 13:00:00,2018-05-15 22:20:00,FALSE,9.33333333333333,"1:30 PM",2018-05-15 13:30:00,2018-05-15 22:30:00,30,-10,1024.63899993896
"107",2018-05-16,"IN_VEHICLE",6,2018-05-16 12:59:51,12.9768681,77.7341436,"01:41 PM","10:57 PM",TRUE,2018-05-16 13:41:00,2018-05-16 22:57:00,FALSE,9.26666666666667,"1:30 PM",2018-05-16 13:30:00,2018-05-16 22:30:00,-11,27,2468.21399998665
"108",2018-05-17,"ON_FOOT",6,2018-05-17 13:01:01,12.9780935,77.7337041,"01:22 PM","10:21 PM",TRUE,2018-05-17 13:22:00,2018-05-17 22:21:00,FALSE,8.98333333333333,"1:30 PM",2018-05-17 13:30:00,2018-05-17 22:30:00,8,-9,1258.71099996567
"109",2018-05-18,"ON_BICYCLE",4,2018-05-18 12:54:59,12.9778934,77.7335514,"01:38 PM","10:17 PM",TRUE,2018-05-18 13:38:00,2018-05-18 22:17:00,FALSE,8.65,"1:30 PM",2018-05-18 13:30:00,2018-05-18 22:30:00,-8,-13,2580.20600008965
"110",2018-05-21,"ON_FOOT",2,2018-05-21 13:03:39,12.976934,77.7336346,"01:15 PM","10:29 PM",TRUE,2018-05-21 13:15:00,2018-05-21 22:29:00,FALSE,9.23333333333333,"1:30 PM",2018-05-21 13:30:00,2018-05-21 22:30:00,15,-1,680.940999984741
"111",2018-05-22,"ON_BICYCLE",2,2018-05-22 13:07:32,12.9770582,77.7334864,"01:20 PM","10:38 PM",TRUE,2018-05-22 13:20:00,2018-05-22 22:38:00,FALSE,9.3,"1:30 PM",2018-05-22 13:30:00,2018-05-22 22:30:00,10,8,747.055999994278
"112",2018-05-23,"ON_BICYCLE",3,2018-05-23 13:07:45,12.9769037,77.7346569,"01:21 PM","10:30 PM",TRUE,2018-05-23 13:21:00,2018-05-23 22:30:00,FALSE,9.15,"1:30 PM",2018-05-23 13:30:00,2018-05-23 22:30:00,9,0,794.96799993515
"113",2018-05-24,"ON_FOOT",2,2018-05-24 13:04:14,12.978079,77.7338633,"01:15 PM","10:48 PM",TRUE,2018-05-24 13:15:00,2018-05-24 22:48:00,FALSE,9.55,"1:30 PM",2018-05-24 13:30:00,2018-05-24 22:30:00,15,18,645.184000015259
"114",2018-05-25,"ON_FOOT",3,2018-05-25 13:01:15,12.9771778,77.7334548,"01:34 PM","10:19 PM",TRUE,2018-05-25 13:34:00,2018-05-25 22:19:00,FALSE,8.75,"1:30 PM",2018-05-25 13:30:00,2018-05-25 22:30:00,-4,-11,1964.61800003052
"115",2018-05-29,"ON_FOOT",3,2018-05-29 12:27:05,12.9769255,77.7333568,"12:41 PM","10:18 PM",TRUE,2018-05-29 12:41:00,2018-05-29 22:18:00,FALSE,9.61666666666667,"1:30 PM",2018-05-29 13:30:00,2018-05-29 22:30:00,49,-12,834.125999927521
"116",2018-05-30,"ON_FOOT",4,2018-05-30 12:43:45,12.9779384,77.7350146,"01:31 PM","10:29 PM",TRUE,2018-05-30 13:31:00,2018-05-30 22:29:00,FALSE,8.96666666666667,"1:30 PM",2018-05-30 13:30:00,2018-05-30 22:30:00,-1,-1,2834.12800002098
"117",2018-05-31,"IN_VEHICLE",4,2018-05-31 12:50:25,12.9768562,77.733222,"01:03 PM","10:22 PM",TRUE,2018-05-31 13:03:00,2018-05-31 22:22:00,FALSE,9.31666666666667,"1:30 PM",2018-05-31 13:30:00,2018-05-31 22:30:00,27,-8,754.845999956131
"118",2018-06-01,"ON_BICYCLE",4,2018-06-01 13:05:27,12.977386,77.733316,"01:40 PM","10:24 PM",TRUE,2018-06-01 13:40:00,2018-06-01 22:24:00,FALSE,8.73333333333333,"1:30 PM",2018-06-01 13:30:00,2018-06-01 22:30:00,-10,-6,2072.50600004196
"119",2018-06-04,"ON_FOOT",11,2018-06-04 12:48:56,12.9780887,77.7336284,"01:36 PM","10:22 PM",TRUE,2018-06-04 13:36:00,2018-06-04 22:22:00,FALSE,8.76666666666667,"1:30 PM",2018-06-04 13:30:00,2018-06-04 22:30:00,-6,-8,2823.1970000267
"120",2018-06-05,"ON_FOOT",9,2018-06-05 13:10:37,12.9769489,77.7333314,"01:31 PM","10:21 PM",TRUE,2018-06-05 13:31:00,2018-06-05 22:21:00,FALSE,8.83333333333333,"1:30 PM",2018-06-05 13:30:00,2018-06-05 22:30:00,-1,-9,1222.32699990273
"121",2018-06-06,"IN_VEHICLE",7,2018-06-06 13:30:30,12.9768866,77.7336346,"01:43 PM","10:27 PM",TRUE,2018-06-06 13:43:00,2018-06-06 22:27:00,FALSE,8.73333333333333,"1:30 PM",2018-06-06 13:30:00,2018-06-06 22:30:00,-13,-3,749.19000005722
"122",2018-06-07,"ON_FOOT",12,2018-06-07 12:43:55,12.976873,77.7333601,"01:30 PM","10:21 PM",TRUE,2018-06-07 13:30:00,2018-06-07 22:21:00,FALSE,8.85,"1:30 PM",2018-06-07 13:30:00,2018-06-07 22:30:00,0,-9,2764.89400005341
"123",2018-06-08,"ON_FOOT",7,2018-06-08 12:46:27,12.9780953,77.7338909,"01:06 PM","10:23 PM",TRUE,2018-06-08 13:06:00,2018-06-08 22:23:00,FALSE,9.28333333333333,"1:30 PM",2018-06-08 13:30:00,2018-06-08 22:30:00,24,-7,1172.59299993515
"124",2018-06-11,"IN_VEHICLE",3,2018-06-11 11:47:14,12.9768751,77.7346569,"11:58 AM","09:51 PM",TRUE,2018-06-11 11:58:00,2018-06-11 21:51:00,FALSE,9.88333333333333,"12:00 PM",2018-06-11 12:00:00,2018-06-11 21:00:00,2,51,645.611999988556
"125",2018-06-12,"IN_VEHICLE",4,2018-06-12 11:45:27,12.9768731,77.733125,"11:57 AM","09:22 PM",TRUE,2018-06-12 11:57:00,2018-06-12 21:22:00,FALSE,9.41666666666667,"12:00 PM",2018-06-12 12:00:00,2018-06-12 21:00:00,3,22,692.282999992371
"126",2018-06-13,"IN_VEHICLE",4,2018-06-13 11:55:52,12.9769394,77.7331587,"12:07 PM","08:45 PM",TRUE,2018-06-13 12:07:00,2018-06-13 20:45:00,FALSE,8.63333333333333,"12:00 PM",2018-06-13 12:00:00,2018-06-13 21:00:00,-7,-15,667.513000011444
"127",2018-06-18,"IN_VEHICLE",4,2018-06-18 11:59:18,12.97692,77.7335839,"12:11 PM","10:03 PM",TRUE,2018-06-18 12:11:00,2018-06-18 22:03:00,FALSE,9.86666666666667,"12:00 PM",2018-06-18 12:00:00,2018-06-18 21:00:00,-11,63,701.009999990463
"128",2018-06-19,"IN_VEHICLE",4,2018-06-19 11:54:19,12.9769259,77.7333284,"12:13 PM","10:18 PM",TRUE,2018-06-19 12:13:00,2018-06-19 22:18:00,FALSE,10.0833333333333,"12:00 PM",2018-06-19 12:00:00,2018-06-19 21:00:00,-13,78,1120.67000007629
"129",2018-06-20,"IN_VEHICLE",2,2018-06-20 11:58:40,12.9769222,77.7332458,"12:10 PM","09:55 PM",TRUE,2018-06-20 12:10:00,2018-06-20 21:55:00,FALSE,9.75,"12:00 PM",2018-06-20 12:00:00,2018-06-20 21:00:00,-10,55,679.867000102997
"130",2018-06-21,"IN_VEHICLE",2,2018-06-21 11:57:32,12.9772146,77.7339416,"12:08 PM","09:57 PM",TRUE,2018-06-21 12:08:00,2018-06-21 21:57:00,FALSE,9.81666666666667,"12:00 PM",2018-06-21 12:00:00,2018-06-21 21:00:00,-8,57,627.558000087738
"131",2018-06-22,"ON_FOOT",4,2018-06-22 11:57:41,12.978094,77.7336492,"12:11 PM","10:55 PM",TRUE,2018-06-22 12:11:00,2018-06-22 22:55:00,FALSE,10.7333333333333,"12:00 PM",2018-06-22 12:00:00,2018-06-22 21:00:00,-11,115,798.299999952316
"132",2018-06-25,"IN_VEHICLE",4,2018-06-25 11:59:03,12.9769365,77.7332754,"12:11 PM","10:04 PM",TRUE,2018-06-25 12:11:00,2018-06-25 22:04:00,FALSE,9.88333333333333,"12:00 PM",2018-06-25 12:00:00,2018-06-25 21:00:00,-11,64,716.865000009537
"133",2018-06-26,"IN_VEHICLE",5,2018-06-26 11:58:53,12.9771879,77.7333273,"12:11 PM","10:17 PM",TRUE,2018-06-26 12:11:00,2018-06-26 22:17:00,FALSE,10.1,"12:00 PM",2018-06-26 12:00:00,2018-06-26 21:00:00,-11,77,726.318000078201
"134",2018-06-27,"IN_VEHICLE",4,2018-06-27 12:02:49,12.9769342,77.7335839,"12:14 PM","09:54 PM",TRUE,2018-06-27 12:14:00,2018-06-27 21:54:00,FALSE,9.66666666666667,"12:00 PM",2018-06-27 12:00:00,2018-06-27 21:00:00,-14,54,670.99799990654
"135",2018-06-28,"IN_VEHICLE",3,2018-06-28 11:57:49,12.9769208,77.7332853,"12:09 PM","09:56 PM",TRUE,2018-06-28 12:09:00,2018-06-28 21:56:00,FALSE,9.78333333333333,"12:00 PM",2018-06-28 12:00:00,2018-06-28 21:00:00,-9,56,670.700000047684
"136",2018-06-29,"IN_VEHICLE",4,2018-06-29 12:03:19,12.9769664,77.7333242,"12:09 PM","09:01 PM",TRUE,2018-06-29 12:09:00,2018-06-29 21:01:00,FALSE,8.86666666666667,"12:00 PM",2018-06-29 12:00:00,2018-06-29 21:00:00,-9,1,340.095999956131
"137",2018-07-02,"ON_FOOT",7,2018-07-02 11:28:24,12.9768979,77.7335188,"11:53 AM","09:21 PM",TRUE,2018-07-02 11:53:00,2018-07-02 21:21:00,FALSE,9.46666666666667,"12:00 PM",2018-07-02 12:00:00,2018-07-02 21:00:00,7,21,1475.25200009346
"138",2018-07-03,"IN_VEHICLE",3,2018-07-03 11:40:47,12.9780574,77.73573,"11:51 AM","09:30 PM",TRUE,2018-07-03 11:51:00,2018-07-03 21:30:00,FALSE,9.65,"12:00 PM",2018-07-03 12:00:00,2018-07-03 21:00:00,9,30,613
"139",2018-07-04,"ON_FOOT",6,2018-07-04 11:35:11,12.9780554,77.7337918,"11:56 AM","09:42 PM",TRUE,2018-07-04 11:56:00,2018-07-04 21:42:00,FALSE,9.76666666666667,"12:00 PM",2018-07-04 12:00:00,2018-07-04 21:00:00,4,42,1249
"140",2018-07-05,"ON_FOOT",1,2018-07-05 11:57:21,12.9779384,77.7342992,"12:08 PM","09:27 PM",TRUE,2018-07-05 12:08:00,2018-07-05 21:27:00,FALSE,9.31666666666667,"12:00 PM",2018-07-05 12:00:00,2018-07-05 21:00:00,-8,27,638.523999929428
"141",2018-07-06,"ON_FOOT",7,2018-07-06 11:31:39,12.976952,77.7333375,"11:54 AM","09:03 PM",TRUE,2018-07-06 11:54:00,2018-07-06 21:03:00,FALSE,9.15,"12:00 PM",2018-07-06 12:00:00,2018-07-06 21:00:00,6,3,1340.91100001335
"142",2018-07-09,"IN_VEHICLE",4,2018-07-09 11:55:24,12.9780637,77.7338583,"12:08 PM","09:17 PM",TRUE,2018-07-09 12:08:00,2018-07-09 21:17:00,FALSE,9.15,"12:00 PM",2018-07-09 12:00:00,2018-07-09 21:00:00,-8,17,755.848999977112
"143",2018-07-10,"IN_VEHICLE",5,2018-07-10 11:53:25,12.977585,77.7342992,"12:03 PM","09:49 PM",TRUE,2018-07-10 12:03:00,2018-07-10 21:49:00,FALSE,9.76666666666667,"12:00 PM",2018-07-10 12:00:00,2018-07-10 21:00:00,-3,49,574.589999914169
"144",2018-07-11,"IN_VEHICLE",4,2018-07-11 11:57:33,12.9772137,77.7338035,"12:12 PM","09:44 PM",TRUE,2018-07-11 12:12:00,2018-07-11 21:44:00,FALSE,9.53333333333333,"12:00 PM",2018-07-11 12:00:00,2018-07-11 21:00:00,-12,44,866.401000022888
"145",2018-07-13,"IN_VEHICLE",4,2018-07-13 11:38:56,12.9769312,77.733309,"11:52 AM","09:00 PM",TRUE,2018-07-13 11:52:00,2018-07-13 21:00:00,FALSE,9.13333333333333,"12:00 PM",2018-07-13 12:00:00,2018-07-13 21:00:00,8,0,783.535000085831
"146",2018-07-16,"ON_FOOT",8,2018-07-16 11:16:01,12.9769376,77.7331141,"11:39 AM","08:57 PM",TRUE,2018-07-16 11:39:00,2018-07-16 20:57:00,FALSE,9.3,"12:00 PM",2018-07-16 12:00:00,2018-07-16 21:00:00,21,-3,1378.78600001335
"147",2018-07-17,"ON_BICYCLE",2,2018-07-17 11:57:10,12.9771269,77.7335902,"12:09 PM","10:29 PM",TRUE,2018-07-17 12:09:00,2018-07-17 22:29:00,FALSE,10.3333333333333,"12:00 PM",2018-07-17 12:00:00,2018-07-17 21:00:00,-9,89,709.306999921799
"148",2018-07-18,"IN_VEHICLE",6,2018-07-18 11:57:21,12.9769558,77.7333324,"12:11 PM","09:04 PM",TRUE,2018-07-18 12:11:00,2018-07-18 21:04:00,FALSE,8.88333333333333,"12:00 PM",2018-07-18 12:00:00,2018-07-18 21:00:00,-11,4,818.385999917984
"149",2018-07-20,"IN_VEHICLE",6,2018-07-20 11:58:38,12.9769557,77.7333056,"12:10 PM","09:03 PM",TRUE,2018-07-20 12:10:00,2018-07-20 21:03:00,FALSE,8.88333333333333,"12:00 PM",2018-07-20 12:00:00,2018-07-20 21:00:00,-10,3,681.134000062943
"150",2018-07-23,"IN_VEHICLE",4,2018-07-23 11:57:06,12.9769619,77.7331178,"12:09 PM","09:38 PM",TRUE,2018-07-23 12:09:00,2018-07-23 21:38:00,FALSE,9.48333333333333,"12:00 PM",2018-07-23 12:00:00,2018-07-23 21:00:00,-9,38,713.509999990463
"151",2018-07-24,"IN_VEHICLE",4,2018-07-24 11:49:45,12.977691,77.7334431,"12:06 PM","11:00 PM",TRUE,2018-07-24 12:06:00,2018-07-24 23:00:00,FALSE,10.9,"12:00 PM",2018-07-24 12:00:00,2018-07-24 21:00:00,-6,120,974.348999977112
"152",2018-07-25,"IN_VEHICLE",4,2018-07-25 11:46:45,12.976979,77.7336183,"11:58 AM","10:14 PM",TRUE,2018-07-25 11:58:00,2018-07-25 22:14:00,FALSE,10.2666666666667,"12:00 PM",2018-07-25 12:00:00,2018-07-25 21:00:00,2,74,674.105999946594
"153",2018-07-26,"IN_VEHICLE",3,2018-07-26 12:04:10,12.9781007,77.7338033,"12:14 PM","11:29 PM",TRUE,2018-07-26 12:14:00,2018-07-26 23:29:00,FALSE,11.25,"12:00 PM",2018-07-26 12:00:00,2018-07-26 21:00:00,-14,149,589.470999956131
"154",2018-07-27,"ON_FOOT",2,2018-07-27 11:58:58,12.9770169,77.733259,"12:13 PM","08:53 PM",TRUE,2018-07-27 12:13:00,2018-07-27 20:53:00,FALSE,8.66666666666667,"12:00 PM",2018-07-27 12:00:00,2018-07-27 21:00:00,-13,-7,841.615999937057
"155",2018-07-30,"IN_VEHICLE",2,2018-07-30 11:58:53,12.9780571,77.7338423,"12:10 PM","09:32 PM",TRUE,2018-07-30 12:10:00,2018-07-30 21:32:00,FALSE,9.36666666666667,"12:00 PM",2018-07-30 12:00:00,2018-07-30 21:00:00,-10,32,666.960999965668
"156",2018-07-31,"IN_VEHICLE",4,2018-07-31 11:43:37,12.9781064,77.733557,"11:56 AM","10:07 PM",TRUE,2018-07-31 11:56:00,2018-07-31 22:07:00,FALSE,10.1833333333333,"12:00 PM",2018-07-31 12:00:00,2018-07-31 21:00:00,4,67,742.12299990654
"157",2018-08-01,"IN_VEHICLE",2,2018-08-01 11:45:30,12.9769223,77.7332552,"11:56 AM","09:12 PM",TRUE,2018-08-01 11:56:00,2018-08-01 21:12:00,FALSE,9.26666666666667,"12:00 PM",2018-08-01 12:00:00,2018-08-01 21:00:00,4,12,629.572000026703
"158",2018-08-02,"IN_VEHICLE",2,2018-08-02 11:54:24,12.9769275,77.7335875,"12:04 PM","10:01 PM",TRUE,2018-08-02 12:04:00,2018-08-02 22:01:00,FALSE,9.95,"12:00 PM",2018-08-02 12:00:00,2018-08-02 21:00:00,-4,61,575.49799990654
"159",2018-08-03,"IN_VEHICLE",3,2018-08-03 11:48:26,12.9769368,77.7333363,"11:59 AM","09:48 PM",TRUE,2018-08-03 11:59:00,2018-08-03 21:48:00,FALSE,9.81666666666667,"12:00 PM",2018-08-03 12:00:00,2018-08-03 21:00:00,1,48,633.513000011444
"160",2018-08-06,"IN_VEHICLE",3,2018-08-06 11:54:16,12.9781053,77.73384,"12:04 PM","09:31 PM",TRUE,2018-08-06 12:04:00,2018-08-06 21:31:00,FALSE,9.45,"12:00 PM",2018-08-06 12:00:00,2018-08-06 21:00:00,-4,31,583.115000009537
"161",2018-08-07,"ON_FOOT",4,2018-08-07 11:54:22,12.9777579,77.7335474,"12:07 PM","09:03 PM",TRUE,2018-08-07 12:07:00,2018-08-07 21:03:00,FALSE,8.93333333333333,"12:00 PM",2018-08-07 12:00:00,2018-08-07 21:00:00,-7,3,757.954999923706
"162",2018-08-08,"IN_VEHICLE",6,2018-08-08 11:43:40,12.9769229,77.7335839,"12:00 PM","09:23 PM",TRUE,2018-08-08 12:00:00,2018-08-08 21:23:00,FALSE,9.38333333333333,"12:00 PM",2018-08-08 12:00:00,2018-08-08 21:00:00,0,23,979.049000024796
"163",2018-08-09,"ON_FOOT",8,2018-08-09 11:39:32,12.9775064,77.7334064,"12:02 PM","11:23 PM",TRUE,2018-08-09 12:02:00,2018-08-09 23:23:00,FALSE,11.35,"12:00 PM",2018-08-09 12:00:00,2018-08-09 21:00:00,-2,143,1347.49099993706
"164",2018-08-10,"ON_FOOT",2,2018-08-10 11:44:38,12.9776695,77.7335291,"11:57 AM","09:05 PM",TRUE,2018-08-10 11:57:00,2018-08-10 21:05:00,FALSE,9.13333333333333,"12:00 PM",2018-08-10 12:00:00,2018-08-10 21:00:00,3,5,741.957999944687
"165",2018-08-13,"ON_FOOT",10,2018-08-13 11:35:56,12.9769233,77.7335242,"12:07 PM","10:00 PM",TRUE,2018-08-13 12:07:00,2018-08-13 22:00:00,FALSE,9.88333333333333,"12:00 PM",2018-08-13 12:00:00,2018-08-13 21:00:00,-7,60,1863.6819999218
"166",2018-08-14,"IN_VEHICLE",5,2018-08-14 11:53:59,12.9769447,77.7331371,"12:09 PM","09:05 PM",TRUE,2018-08-14 12:09:00,2018-08-14 21:05:00,FALSE,8.93333333333333,"12:00 PM",2018-08-14 12:00:00,2018-08-14 21:00:00,-9,5,900.719000101089
"167",2018-08-16,"ON_FOOT",6,2018-08-16 11:45:24,12.9780501,77.7337532,"12:06 PM","09:38 PM",TRUE,2018-08-16 12:06:00,2018-08-16 21:38:00,FALSE,9.53333333333333,"12:00 PM",2018-08-16 12:00:00,2018-08-16 21:00:00,-6,38,1235.81100010872
"168",2018-08-17,"IN_VEHICLE",5,2018-08-17 11:49:48,12.9769208,77.733361,"12:02 PM","09:31 PM",TRUE,2018-08-17 12:02:00,2018-08-17 21:31:00,FALSE,9.48333333333333,"12:00 PM",2018-08-17 12:00:00,2018-08-17 21:00:00,-2,31,731.286999940872
"169",2018-08-20,"ON_FOOT",4,2018-08-20 11:55:04,12.9769315,77.7331549,"12:08 PM","09:43 PM",TRUE,2018-08-20 12:08:00,2018-08-20 21:43:00,FALSE,9.58333333333333,"12:00 PM",2018-08-20 12:00:00,2018-08-20 21:00:00,-8,43,775.578999996185
"170",2018-08-21,"IN_VEHICLE",3,2018-08-21 11:48:14,12.976917,77.7331586,"11:59 AM","09:36 PM",TRUE,2018-08-21 11:59:00,2018-08-21 21:36:00,FALSE,9.61666666666667,"12:00 PM",2018-08-21 12:00:00,2018-08-21 21:00:00,1,36,645.364000082016
"171",2018-08-23,"ON_FOOT",4,2018-08-23 11:55:19,12.9769254,77.7331905,"12:11 PM","10:10 PM",TRUE,2018-08-23 12:11:00,2018-08-23 22:10:00,FALSE,9.98333333333333,"12:00 PM",2018-08-23 12:00:00,2018-08-23 21:00:00,-11,70,940.476999998093
"172",2018-08-24,"ON_FOOT",3,2018-08-24 11:48:26,12.9769092,77.7335942,"12:01 PM","09:30 PM",TRUE,2018-08-24 12:01:00,2018-08-24 21:30:00,FALSE,9.48333333333333,"12:00 PM",2018-08-24 12:00:00,2018-08-24 21:00:00,-1,30,753.075999975204
"173",2018-08-27,"IN_VEHICLE",4,2018-08-27 11:47:40,12.9769261,77.7333843,"11:59 AM","08:51 PM",TRUE,2018-08-27 11:59:00,2018-08-27 20:51:00,FALSE,8.86666666666667,"12:00 PM",2018-08-27 12:00:00,2018-08-27 21:00:00,1,-9,679.15700006485
"174",2018-08-28,"IN_VEHICLE",4,2018-08-28 11:47:15,12.9769289,77.7331441,"12:04 PM","09:41 PM",TRUE,2018-08-28 12:04:00,2018-08-28 21:41:00,FALSE,9.61666666666667,"12:00 PM",2018-08-28 12:00:00,2018-08-28 21:00:00,-4,41,1004.06599998474
"175",2018-08-29,"IN_VEHICLE",4,2018-08-29 11:52:00,12.9780592,77.7338117,"12:04 PM","09:01 PM",TRUE,2018-08-29 12:04:00,2018-08-29 21:01:00,FALSE,8.95,"12:00 PM",2018-08-29 12:00:00,2018-08-29 21:00:00,-4,1,719.671000003815
"176",2018-08-31,"ON_BICYCLE",2,2018-08-31 11:52:31,12.976937,77.733237,"12:08 PM","09:14 PM",TRUE,2018-08-31 12:08:00,2018-08-31 21:14:00,FALSE,9.1,"12:00 PM",2018-08-31 12:00:00,2018-08-31 21:00:00,-8,14,928.619999885559
"177",2018-09-03,"IN_VEHICLE",4,2018-09-03 11:54:02,12.9770647,77.7332622,"12:06 PM","09:48 PM",TRUE,2018-09-03 12:06:00,2018-09-03 21:48:00,FALSE,9.7,"12:00 PM",2018-09-03 12:00:00,2018-09-03 21:00:00,-6,48,717.335999965668
"178",2018-09-05,"ON_FOOT",4,2018-09-05 11:53:27,12.9771398,77.7335849,"12:06 PM","09:28 PM",TRUE,2018-09-05 12:06:00,2018-09-05 21:28:00,FALSE,9.36666666666667,"12:00 PM",2018-09-05 12:00:00,2018-09-05 21:00:00,-6,28,752.799999952316
"179",2018-09-06,"ON_FOOT",1,2018-09-06 11:50:21,12.9769981,77.7333376,"12:02 PM","09:43 PM",TRUE,2018-09-06 12:02:00,2018-09-06 21:43:00,FALSE,9.68333333333333,"12:00 PM",2018-09-06 12:00:00,2018-09-06 21:00:00,-2,43,698.982000112534
"180",2018-09-07,"ON_FOOT",3,2018-09-07 11:47:02,12.9769476,77.73338,"12:05 PM","09:31 PM",TRUE,2018-09-07 12:05:00,2018-09-07 21:31:00,FALSE,9.43333333333333,"12:00 PM",2018-09-07 12:00:00,2018-09-07 21:00:00,-5,31,1077.72699999809
"181",2018-09-10,"ON_FOOT",7,2018-09-10 11:54:20,12.9779039,77.7335968,"12:14 PM","04:49 PM",TRUE,2018-09-10 12:14:00,2018-09-10 16:49:00,FALSE,4.58333333333333,"12:00 PM",2018-09-10 12:00:00,2018-09-10 21:00:00,-14,-251,1179.87299990654
"182",2018-09-12,"ON_FOOT",1,2018-09-12 11:40:14,12.9780753,77.7336593,"11:50 AM","09:01 PM",TRUE,2018-09-12 11:50:00,2018-09-12 21:01:00,FALSE,9.18333333333333,"12:00 PM",2018-09-12 12:00:00,2018-09-12 21:00:00,10,1,585.259999990463
"183",2018-09-14,"IN_VEHICLE",2,2018-09-14 11:49:25,12.9770696,77.733337,"12:00 PM","09:13 PM",TRUE,2018-09-14 12:00:00,2018-09-14 21:13:00,FALSE,9.21666666666667,"12:00 PM",2018-09-14 12:00:00,2018-09-14 21:00:00,0,13,634.59500002861
"184",2018-09-17,"IN_VEHICLE",4,2018-09-17 11:56:19,12.9780483,77.7338309,"12:06 PM","10:19 PM",TRUE,2018-09-17 12:06:00,2018-09-17 22:19:00,FALSE,10.2166666666667,"12:00 PM",2018-09-17 12:00:00,2018-09-17 21:00:00,-6,79,580.25
"185",2018-09-18,"ON_FOOT",3,2018-09-18 11:52:43,12.9769405,77.7364613,"12:05 PM","10:00 PM",TRUE,2018-09-18 12:05:00,2018-09-18 22:00:00,FALSE,9.91666666666667,"12:00 PM",2018-09-18 12:00:00,2018-09-18 21:00:00,-5,60,736.910000085831
"186",2018-09-19,"IN_VEHICLE",3,2018-09-19 11:56:12,12.9779734,77.733605,"12:08 PM","09:59 PM",TRUE,2018-09-19 12:08:00,2018-09-19 21:59:00,FALSE,9.85,"12:00 PM",2018-09-19 12:00:00,2018-09-19 21:00:00,-8,59,707.193000078201
"187",2018-09-20,"IN_VEHICLE",2,2018-09-20 11:52:34,12.9769399,77.7331246,"12:07 PM","09:42 PM",TRUE,2018-09-20 12:07:00,2018-09-20 21:42:00,FALSE,9.58333333333333,"12:00 PM",2018-09-20 12:00:00,2018-09-20 21:00:00,-7,42,865.589999914169
"188",2018-09-21,"IN_VEHICLE",1,2018-09-21 11:53:30,12.9761824,77.7337498,"12:05 PM","09:14 PM",TRUE,2018-09-21 12:05:00,2018-09-21 21:14:00,FALSE,9.15,"12:00 PM",2018-09-21 12:00:00,2018-09-21 21:00:00,-5,14,689.450000047684
"189",2018-09-24,"ON_FOOT",3,2018-09-24 11:56:41,12.9769326,77.7332896,"12:14 PM","10:15 PM",TRUE,2018-09-24 12:14:00,2018-09-24 22:15:00,FALSE,10.0166666666667,"12:00 PM",2018-09-24 12:00:00,2018-09-24 21:00:00,-14,75,1038.79200005531
"190",2018-09-25,"IN_VEHICLE",4,2018-09-25 11:55:43,12.9780148,77.7342992,"12:06 PM","10:02 PM",TRUE,2018-09-25 12:06:00,2018-09-25 22:02:00,FALSE,9.93333333333333,"12:00 PM",2018-09-25 12:00:00,2018-09-25 21:00:00,-6,62,616.698999881744
"191",2018-09-26,"IN_VEHICLE",5,2018-09-26 11:50:13,12.9769745,77.7333384,"12:08 PM","09:59 PM",TRUE,2018-09-26 12:08:00,2018-09-26 21:59:00,FALSE,9.85,"12:00 PM",2018-09-26 12:00:00,2018-09-26 21:00:00,-8,59,1066.63700008392
"192",2018-09-27,"ON_FOOT",4,2018-09-27 11:56:07,12.9769722,77.7333963,"12:13 PM","10:46 PM",TRUE,2018-09-27 12:13:00,2018-09-27 22:46:00,FALSE,10.55,"12:00 PM",2018-09-27 12:00:00,2018-09-27 21:00:00,-13,106,1012.44899988174
"193",2018-09-28,"IN_VEHICLE",2,2018-09-28 11:51:02,12.9779994,77.7333512,"12:02 PM","09:10 PM",TRUE,2018-09-28 12:02:00,2018-09-28 21:10:00,FALSE,9.13333333333333,"12:00 PM",2018-09-28 12:00:00,2018-09-28 21:00:00,-2,10,657.736000061035
"194",2018-10-03,"ON_BICYCLE",6,2018-10-03 11:40:17,12.9761654,77.7561158,"12:06 PM","09:05 PM",TRUE,2018-10-03 12:06:00,2018-10-03 21:05:00,FALSE,8.98333333333333,"12:00 PM",2018-10-03 12:00:00,2018-10-03 21:00:00,-6,5,1542.16599988937
"195",2018-10-05,"ON_BICYCLE",6,2018-10-05 11:41:49,12.9761824,77.756831,"12:11 PM","09:04 PM",TRUE,2018-10-05 12:11:00,2018-10-05 21:04:00,FALSE,8.88333333333333,"12:00 PM",2018-10-05 12:00:00,2018-10-05 21:00:00,-11,4,1750.26799988747
"196",2018-10-08,"IN_VEHICLE",7,2018-10-08 11:43:29,12.9765474,77.7569335,"12:04 PM","09:48 PM",TRUE,2018-10-08 12:04:00,2018-10-08 21:48:00,FALSE,9.73333333333333,"12:00 PM",2018-10-08 12:00:00,2018-10-08 21:00:00,-4,48,1231
"197",2018-10-09,"ON_BICYCLE",15,2018-10-09 11:54:53,12.9758068,77.7569931,"12:14 PM","10:16 PM",TRUE,2018-10-09 12:14:00,2018-10-09 22:16:00,FALSE,10.0333333333333,"12:00 PM",2018-10-09 12:00:00,2018-10-09 21:00:00,-14,76,1147
"198",2018-10-10,"IN_VEHICLE",7,2018-10-10 11:32:58,12.9747242,77.7574891,"11:58 AM","09:45 PM",TRUE,2018-10-10 11:58:00,2018-10-10 21:45:00,FALSE,9.78333333333333,"12:00 PM",2018-10-10 12:00:00,2018-10-10 21:00:00,2,45,1501.63899993896
"199",2018-10-11,"ON_BICYCLE",3,2018-10-11 11:52:50,12.9757957,77.7569652,"12:14 PM","10:29 PM",TRUE,2018-10-11 12:14:00,2018-10-11 22:29:00,FALSE,10.25,"12:00 PM",2018-10-11 12:00:00,2018-10-11 21:00:00,-14,89,1269.84299993515
"200",2018-10-12,"ON_FOOT",3,2018-10-12 11:43:06,12.9751474,77.7572985,"12:02 PM","09:55 PM",TRUE,2018-10-12 12:02:00,2018-10-12 21:55:00,FALSE,9.88333333333333,"12:00 PM",2018-10-12 12:00:00,2018-10-12 21:00:00,-2,55,1133.91100001335
"201",2018-10-15,"ON_BICYCLE",6,2018-10-15 11:26:36,12.9757947,77.7569578,"12:01 PM","09:48 PM",TRUE,2018-10-15 12:01:00,2018-10-15 21:48:00,FALSE,9.78333333333333,"12:00 PM",2018-10-15 12:00:00,2018-10-15 21:00:00,-1,48,2063.34599995613
"202",2018-10-16,"ON_FOOT",9,2018-10-16 11:02:36,12.9761824,77.7560391,"11:46 AM","10:06 PM",TRUE,2018-10-16 11:46:00,2018-10-16 22:06:00,FALSE,10.3333333333333,"12:00 PM",2018-10-16 12:00:00,2018-10-16 21:00:00,14,66,2604
"203",2018-10-17,"IN_VEHICLE",5,2018-10-17 11:50:31,12.9765018,77.7561158,"12:06 PM","11:07 PM",TRUE,2018-10-17 12:06:00,2018-10-17 23:07:00,FALSE,11.0166666666667,"12:00 PM",2018-10-17 12:00:00,2018-10-17 21:00:00,-6,127,928.086999893188
"204",2018-10-18,"ON_BICYCLE",5,2018-10-18 10:46:48,12.9765018,77.7560212,"11:14 AM","10:15 PM",TRUE,2018-10-18 11:14:00,2018-10-18 22:15:00,FALSE,11.0166666666667,"12:00 PM",2018-10-18 12:00:00,2018-10-18 21:00:00,46,75,1631.70000004768
"205",2018-10-19,"ON_BICYCLE",4,2018-10-19 11:41:58,12.9745858,77.7575442,"12:07 PM","09:42 PM",TRUE,2018-10-19 12:07:00,2018-10-19 21:42:00,FALSE,9.58333333333333,"12:00 PM",2018-10-19 12:00:00,2018-10-19 21:00:00,-7,42,1501.05999994278
"206",2018-10-22,"ON_BICYCLE",4,2018-10-22 11:39:49,12.9755879,77.7331686,"12:04 PM","10:24 PM",TRUE,2018-10-22 12:04:00,2018-10-22 22:24:00,FALSE,10.3333333333333,"12:00 PM",2018-10-22 12:00:00,2018-10-22 21:00:00,-4,84,1450.49699997902
"207",2018-10-23,"ON_BICYCLE",4,2018-10-23 11:44:32,12.9753547,77.7561158,"12:13 PM","10:43 PM",TRUE,2018-10-23 12:13:00,2018-10-23 22:43:00,FALSE,10.5,"12:00 PM",2018-10-23 12:00:00,2018-10-23 21:00:00,-13,103,1707.59599995613
"208",2018-10-24,"ON_BICYCLE",5,2018-10-24 11:44:56,12.9751982,77.7568227,"12:13 PM","10:01 PM",TRUE,2018-10-24 12:13:00,2018-10-24 22:01:00,FALSE,9.8,"12:00 PM",2018-10-24 12:00:00,2018-10-24 21:00:00,-13,61,1683.95799994469
"209",2018-10-29,"ON_BICYCLE",4,2018-10-29 11:38:09,12.9747212,77.7331595,"12:02 PM","09:46 PM",TRUE,2018-10-29 12:02:00,2018-10-29 21:46:00,FALSE,9.73333333333333,"12:00 PM",2018-10-29 12:00:00,2018-10-29 21:00:00,-2,46,1430.72600007057
"210",2018-10-30,"ON_BICYCLE",3,2018-10-30 11:39:11,12.9746082,77.75754,"12:07 PM","10:41 PM",TRUE,2018-10-30 12:07:00,2018-10-30 22:41:00,FALSE,10.5666666666667,"12:00 PM",2018-10-30 12:00:00,2018-10-30 21:00:00,-7,101,1668.82399988174
"211",2018-10-31,"ON_BICYCLE",3,2018-10-31 11:42:14,12.9756877,77.7568545,"12:04 PM","10:15 PM",TRUE,2018-10-31 12:04:00,2018-10-31 22:15:00,FALSE,10.1833333333333,"12:00 PM",2018-10-31 12:00:00,2018-10-31 21:00:00,-4,75,1305.72799992561
"212",2018-11-02,"ON_FOOT",6,2018-11-02 10:52:36,12.9755952,77.7568743,"11:29 AM","10:17 PM",TRUE,2018-11-02 11:29:00,2018-11-02 22:17:00,FALSE,10.8,"12:00 PM",2018-11-02 12:00:00,2018-11-02 21:00:00,31,77,2183.85599994659
"213",2018-11-05,"ON_FOOT",2,2018-11-05 11:57:17,12.9761824,77.756831,"12:13 PM","10:21 PM",TRUE,2018-11-05 12:13:00,2018-11-05 22:21:00,FALSE,10.1333333333333,"12:00 PM",2018-11-05 12:00:00,2018-11-05 21:00:00,-13,81,942.677000045776
"214",2018-11-06,"IN_VEHICLE",6,2018-11-06 11:30:04,12.9761824,77.7566226,"11:58 AM","09:53 PM",TRUE,2018-11-06 11:58:00,2018-11-06 21:53:00,FALSE,9.91666666666667,"12:00 PM",2018-11-06 12:00:00,2018-11-06 21:00:00,2,53,1675.53399991989
"215",2018-11-08,"ON_BICYCLE",5,2018-11-08 11:37:07,12.9746158,77.75754,"12:02 PM","09:33 PM",TRUE,2018-11-08 12:02:00,2018-11-08 21:33:00,FALSE,9.51666666666667,"12:00 PM",2018-11-08 12:00:00,2018-11-08 21:00:00,-2,33,1492.86500000954
"216",2018-11-09,"ON_BICYCLE",5,2018-11-09 11:30:53,12.9746312,77.75754,"11:56 AM","09:44 PM",TRUE,2018-11-09 11:56:00,2018-11-09 21:44:00,FALSE,9.8,"12:00 PM",2018-11-09 12:00:00,2018-11-09 21:00:00,4,44,1506.15300011635
"217",2018-11-13,"ON_BICYCLE",3,2018-11-13 11:47:39,12.9763619,77.7563488,"12:13 PM","12:37 AM",TRUE,2018-11-13 12:13:00,2018-11-14 00:37:00,TRUE,12.4,"12:00 PM",2018-11-13 12:00:00,2018-11-13 21:00:00,-13,217,1520.20000004768
"218",2018-11-14,"ON_FOOT",10,2018-11-14 11:17:03,12.9754324,77.7568698,"11:50 AM","09:39 PM",TRUE,2018-11-14 11:50:00,2018-11-14 21:39:00,FALSE,9.81666666666667,"12:00 PM",2018-11-14 12:00:00,2018-11-14 21:00:00,10,39,1976.71600008011
"219",2018-11-15,"ON_FOOT",8,2018-11-15 11:19:09,12.9758519,77.7569518,"11:55 AM","09:36 PM",TRUE,2018-11-15 11:55:00,2018-11-15 21:36:00,FALSE,9.68333333333333,"12:00 PM",2018-11-15 12:00:00,2018-11-15 21:00:00,5,36,2150.6210000515
"220",2018-11-16,"ON_BICYCLE",6,2018-11-16 11:43:34,12.9761824,77.756831,"12:09 PM","10:15 PM",TRUE,2018-11-16 12:09:00,2018-11-16 22:15:00,FALSE,10.1,"12:00 PM",2018-11-16 12:00:00,2018-11-16 21:00:00,-9,75,1525.5720000267
"221",2018-11-19,"ON_FOOT",2,2018-11-19 11:53:21,12.9761824,77.756831,"12:08 PM","09:58 PM",TRUE,2018-11-19 12:08:00,2018-11-19 21:58:00,FALSE,9.83333333333333,"12:00 PM",2018-11-19 12:00:00,2018-11-19 21:00:00,-8,58,878.183000087738
"222",2018-11-20,"ON_BICYCLE",6,2018-11-20 11:33:14,12.9749469,77.7571451,"12:02 PM","10:45 PM",TRUE,2018-11-20 12:02:00,2018-11-20 22:45:00,FALSE,10.7166666666667,"12:00 PM",2018-11-20 12:00:00,2018-11-20 21:00:00,-2,105,1725.25200009346
"223",2018-11-21,"ON_BICYCLE",4,2018-11-21 11:42:37,12.9746066,77.7575119,"12:10 PM","04:59 PM",TRUE,2018-11-21 12:10:00,2018-11-21 16:59:00,FALSE,4.81666666666667,"12:00 PM",2018-11-21 12:00:00,2018-11-21 21:00:00,-10,-241,1642.56299996376
"224",2018-11-26,"ON_BICYCLE",4,2018-11-26 11:36:55,12.975945,77.7568342,"11:59 AM","10:37 PM",TRUE,2018-11-26 11:59:00,2018-11-26 22:37:00,FALSE,10.6333333333333,"12:00 PM",2018-11-26 12:00:00,2018-11-26 21:00:00,1,97,1324.79999995232
"225",2018-11-27,"ON_BICYCLE",4,2018-11-27 11:34:17,12.9761824,77.7561158,"12:01 PM","10:09 PM",TRUE,2018-11-27 12:01:00,2018-11-27 22:09:00,FALSE,10.1333333333333,"12:00 PM",2018-11-27 12:00:00,2018-11-27 21:00:00,-1,69,1602.51900005341
"226",2018-11-28,"ON_BICYCLE",3,2018-11-28 11:40:06,12.9762998,77.7569139,"12:06 PM","10:57 PM",TRUE,2018-11-28 12:06:00,2018-11-28 22:57:00,FALSE,10.85,"12:00 PM",2018-11-28 12:00:00,2018-11-28 21:00:00,-6,117,1553.58899998665
"227",2018-11-29,"IN_VEHICLE",4,2018-11-29 11:44:51,12.9745712,77.7561158,"12:03 PM","04:58 PM",TRUE,2018-11-29 12:03:00,2018-11-29 16:58:00,FALSE,4.91666666666667,"12:00 PM",2018-11-29 12:00:00,2018-11-29 21:00:00,-3,-242,1088.87199997902
